USE AeroLink_System

INSERT INTO Airline(Airline_ID, Airline_Name)
VALUES
('AA', 'American Airlines'),
('DL', 'Delta Air Lines'),
('UA', 'United Airlines'),
('BA', 'British Airways'),
('AF', 'Air France'),
('LH', 'Lufthansa'),
('EK', 'Emirates'),
('SQ', 'Singapore Airlines'),
('TK', 'Turkish Airlines'),
('QF', 'Qantas Airways');


INSERT INTO Airport(Airport_Code, Airport_Name, Airport_Location, Timezone)
VALUES 
    ('JFK', 'John F. Kennedy International Airport', 'New York, USA', 'EST'),
    ('LAX', 'Los Angeles International Airport', 'Los Angeles, USA', 'PST'),
    ('LHR', 'London Heathrow Airport', 'London, UK', 'GMT'),
    ('CDG', 'Charles de Gaulle Airport', 'Paris, France', 'CET'),
    ('DXB', 'Dubai International Airport', 'Dubai, UAE', 'GST'),
    ('HND', 'Tokyo Haneda Airport', 'Tokyo, Japan', 'JST'),
    ('SIN', 'Singapore Changi Airport', 'Singapore', 'SGT'),
    ('HKG', 'Hong Kong International Airport', 'Hong Kong', 'HKT'),
    ('SYD', 'Sydney Kingsford Smith Airport', 'Sydney, Australia', 'AEDT'),
    ('MIA', 'Miami International Airport', 'Miami, USA', 'EST'),
    ('NRT', 'Narita International Airport', 'Japan USA', 'JST');


INSERT INTO Flight(Flight_ID, Aircraft_ID, Model_Name, Total_Seats, Registration_No, Arrival_Airport, Departure_Airport, Ticket_Price, Arrival_time, Departure_time, Duration, Distance, Airline_ID, Departure_Airport_Code, Arrival_Airport_Code)
VALUES 
    ('AA1234', 'B737', 'Boeing 737', 150, 'N123AA', 'Los Angeles International Airport', 'John F. Kennedy International Airport', 200, '2024-04-01 12:00:00', '2024-04-01 10:00:00', '02:00:00', '500 miles', 'AA', 'JFK', 'LAX'),
    ('DL5678', 'A320', 'Airbus A320', 180, 'N456DL', 'London Heathrow Airport', 'Los Angeles International Airport', 220, '2024-04-01 15:00:00', '2024-04-01 13:00:00', '02:00:00', '600 miles', 'DL', 'LAX', 'LHR'),
    ('UA9012', 'B747', 'Boeing 747', 200, 'N789UA', 'Charles de Gaulle Airport', 'London Heathrow Airport', 180, '2024-04-01 18:00:00', '2024-04-01 16:00:00', '02:00:00', '700 miles', 'UA', 'LHR', 'CDG'),
    ('BA4321', 'A380', 'Airbus A380', 250, 'G-BAAC', 'Dubai International Airport', 'Charles de Gaulle Airport', 250, '2024-04-01 21:00:00', '2024-04-01 19:00:00', '02:00:00', '800 miles', 'BA', 'CDG', 'DXB'),
    ('AF8765', 'E190', 'Embraer E190', 120, 'F-HBLU', 'Haneda Airport', 'Dubai International Airport', 210, '2024-04-02 09:00:00', '2024-04-02 07:00:00', '02:00:00', '900 miles', 'AF', 'DXB', 'HND'),
    ('LH2468', 'CRJ900', 'Bombardier CRJ900', 100, 'D-ACND', 'Singapore Changi Airport', 'Haneda Airport', 230, '2024-04-02 12:00:00', '2024-04-02 10:00:00', '02:00:00', '1000 miles', 'LH', 'HND', 'SIN'),
    ('EK1357', 'B787', 'Boeing 787', 210, 'A6-EOA', 'Hong Kong International Airport', 'Singapore Changi Airport', 190, '2024-04-02 15:00:00', '2024-04-02 13:00:00', '02:00:00', '1100 miles', 'EK', 'SIN', 'HKG'),
    ('SQ9876', 'A330', 'Airbus A330', 220, '9V-STY', 'Sydney Airport', 'Hong Kong International Airport', 260, '2024-04-02 18:00:00', '2024-04-02 16:00:00', '02:00:00', '1200 miles', 'SQ', 'HKG', 'SYD'),
    ('TK5432', 'A350', 'Airbus A350', 240, 'TC-LGA', 'Miami International Airport', 'Sydney Airport', 240, '2024-04-02 21:00:00', '2024-04-02 19:00:00', '02:00:00', '1300 miles', 'TK', 'SYD', 'MIA'),
    ('QF2109', 'B678', 'Boeing 678', 280, 'VH-OEI', 'John F. Kennedy International Airport', 'Miami International Airport', 270, '2024-04-03 09:00:00', '2024-04-03 07:00:00', '02:00:00', '1400 miles', 'QF', 'MIA', 'JFK'),
    ('QF1234', 'B567', 'Boeing 567', 150, 'N123CX', 'Los Angeles International Airport', 'Narita International Airport', 200, '2024-04-04 12:00:00', '2024-04-04 10:00:00', '02:00:00', '500 miles', 'QF', 'NRT', 'LAX'),
    ('SQ5678', 'A325', 'Airbus A325', 180, '9V-SQA', 'Narita International Airport', 'Singapore Changi Airport', 220, '2024-04-04 15:00:00', '2024-04-04 13:00:00', '02:00:00', '600 miles', 'SQ', 'SIN', 'NRT'),
    ('QF9012', 'E345', 'Embraer E345', 200, 'VH-QFA', 'Los Angeles International Airport', 'Miami International Airport', 180, '2024-04-04 18:00:00', '2024-04-04 16:00:00', '02:00:00', '700 miles', 'QF', 'LAX', 'MIA');



INSERT INTO Account(Username, User_Password, Email_ID, Created_at)
VALUES 
    ('AishwaryaJames', 'NewPassword1', 'aishwarya.james@example.com', '2024-03-01 08:00:00'),
    ('ChaityaDavis', 'NewPassword2', 'chaitya.davis@example.com', '2024-03-02 08:00:00'),
    ('ShanayaLee', 'NewPassword3', 'shanaya.lee@example.com', '2024-03-03 08:00:00'),
    ('MonicaGeller', 'NewPassword4', 'monica.geller@example.com', '2024-03-04 08:00:00'),
    ('AaryanWilson', 'NewPassword5', 'aaryan.wilson@example.com', '2024-03-05 08:00:00'),
    ('NilviKapoor', 'NewPassword6', 'nilvi.kapoor@example.com', '2024-03-06 08:00:00'),
    ('MikeJohnson', 'NewPassword7', 'mike.johnson@example.com', '2024-03-07 08:00:00'),
    ('RobertJackson', 'NewPassword8', 'robert.jackson@example.com', '2024-03-08 08:00:00'),
    ('AumAnderson', 'NewPassword9', 'aum.anderson@example.com', '2024-03-09 08:00:00'),
    ('SydneyWillow', 'NewPassword10', 'sydney.willow@example.com', '2024-03-10 08:00:00'),
    ('RossGeller', 'NewPassword11', 'ross.geller@example.com', '2024-03-11 08:00:00'),
    ('RachelGreen', 'NewPassword12', 'rachel.green@example.com', '2024-03-12 08:00:00'),
    ('JoeyTribbiani', 'NewPassword13', 'joey.tribbiani@example.com', '2024-03-13 08:00:00'),
    ('ChandlerBing', 'NewPassword14', 'chandler.bing@example.com', '2024-03-14 08:00:00'),
    ('MonicaBing', 'NewPassword15', 'monica.bing@example.com', '2024-03-15 08:00:00');

INSERT INTO Passenger(Passenger_Name, Phone_no, DOB, Account_ID)
VALUES 
    ('Aishwarya James', '123-456-7890', '1990-01-01', 1),
    ('Chaitya Davis', '987-654-3210', '1985-05-15', 2),
    ('Mike Johnson', '555-123-4567', '1978-12-10', 3),
    ('Emily Blunt', '222-333-4444', '1995-08-20', 4),
    ('David Wilson', '777-888-9999', '1980-04-03', 5),
    ('Shanaya Lee', '111-222-3333', '1992-10-25', 6),
    ('Robert Jackson', '999-888-7777', '1976-07-15', 7),
    ('Jessica Taylor', '444-555-6666', '1987-03-18', 8),
    ('Aum Anderson', '666-555-4444', '1982-11-30', 9),
    ('Sydney Willow', '333-222-1111', '1998-09-05', 10),
    ('Ross Geller', '111-222-3333', '1967-10-18', 11),
    ('Rachel Green', '444-555-6666', '1969-05-05', 12),
    ('Joey Tribbiani', '777-888-9999', '1968-12-07', 13),
    ('Chandler Bing', '222-333-4444', '1969-04-08', 14),
    ('Monica Bing', '999-888-7777', '1967-02-16', 15);

INSERT INTO Seat (Seat_No, Seat_type, Class, Flight_ID)
VALUES 
    ('AAF1', 'Window', 'First', 'AA1234'),
    ('AAF2', 'Aisle', 'First', 'AA1234'),
    ('AAF3', 'Window', 'First', 'AA1234'),
    ('AAF4', 'Aisle', 'First', 'AA1234'),
    ('AAE5', 'Window', 'Economy', 'AA1234'),
    ('AAE6', 'Aisle', 'Economy', 'AA1234'),
    ('AAE7', 'Window', 'Economy', 'AA1234'),
    ('AAE8', 'Aisle', 'Economy', 'AA1234'),
    ('AAB9', 'Window', 'Business', 'AA1234'),
    ('AAB10', 'Aisle', 'Business', 'AA1234'),
    ('AAB11', 'Window', 'Business', 'AA1234'),
    ('AAB12', 'Aisle', 'Business', 'AA1234'),
    ('AAF13', 'Window', 'First', 'AA1234'),
    ('AAF14', 'Aisle', 'First', 'AA1234'),
    ('AAF15', 'Window', 'First', 'AA1234'),
    ('AAF16', 'Aisle', 'First', 'AA1234'),
    ('AAE17', 'Window', 'Economy', 'AA1234'),
    ('AAE18', 'Aisle', 'Economy', 'AA1234'),
    ('AAE19', 'Window', 'Economy', 'AA1234'),
    ('AAE20', 'Aisle', 'Economy', 'AA1234'),
    ('DLW1', 'Window', 'First', 'DL5678'),
    ('DLA2', 'Aisle', 'First', 'DL5678'),
    ('DLW3', 'Window', 'First', 'DL5678'),
    ('DLA4', 'Aisle', 'First', 'DL5678'),
    ('DLE5', 'Window', 'Economy', 'DL5678'),
    ('DLA6', 'Aisle', 'Economy', 'DL5678'),
    ('DLW7', 'Window', 'Economy', 'DL5678'),
    ('DLA8', 'Aisle', 'Economy', 'DL5678'),
    ('DLB9', 'Window', 'Business', 'DL5678'),
    ('DLB10', 'Aisle', 'Business', 'DL5678'),
    ('DLB11', 'Window', 'Business', 'DL5678'),
    ('DLB12', 'Aisle', 'Business', 'DL5678'),
    ('DLW13', 'Window', 'First', 'DL5678'),
    ('DLA14', 'Aisle', 'First', 'DL5678'),
    ('DLW15', 'Window', 'First', 'DL5678'),
    ('DLA16', 'Aisle', 'First', 'DL5678'),
    ('DLE17', 'Window', 'Economy', 'DL5678'),
    ('DLA18', 'Aisle', 'Economy', 'DL5678'),
    ('DLW19', 'Window', 'Economy', 'DL5678'),
    ('DLA20', 'Aisle', 'Economy', 'DL5678'),
    ('UAW1', 'Window', 'First', 'UA9012'),
    ('UAA2', 'Aisle', 'First', 'UA9012'),
    ('UAW3', 'Window', 'First', 'UA9012'),
    ('UAA4', 'Aisle', 'First', 'UA9012'),
    ('UAE5', 'Window', 'Economy', 'UA9012'),
    ('UAA6', 'Aisle', 'Economy', 'UA9012'),
    ('UAW7', 'Window', 'Economy', 'UA9012'),
    ('UAA8', 'Aisle', 'Economy', 'UA9012'),
    ('UAB9', 'Window', 'Business', 'UA9012'),
    ('UAB10', 'Aisle', 'Business', 'UA9012'),
    ('UAB11', 'Window', 'Business', 'UA9012'),
    ('UAB12', 'Aisle', 'Business', 'UA9012'),
    ('UAW13', 'Window', 'First', 'UA9012'),
    ('UAA14', 'Aisle', 'First', 'UA9012'),
    ('UAW15', 'Window', 'First', 'UA9012'),
    ('UAA16', 'Aisle', 'First', 'UA9012'),
    ('UAE17', 'Window', 'Economy', 'UA9012'),
    ('UAA18', 'Aisle', 'Economy', 'UA9012'),
    ('UAW19', 'Window', 'Economy', 'UA9012'),
    ('UAA20', 'Aisle', 'Economy', 'UA9012'),
    ('BAW1', 'Window', 'First', 'BA4321'),
    ('BAA2', 'Aisle', 'First', 'BA4321'),
    ('BAW3', 'Window', 'First', 'BA4321'),
    ('BAA4', 'Aisle', 'First', 'BA4321'),
    ('BAE5', 'Window', 'Economy', 'BA4321'),
    ('BAA6', 'Aisle', 'Economy', 'BA4321'),
    ('BAW7', 'Window', 'Economy', 'BA4321'),
    ('BAA8', 'Aisle', 'Economy', 'BA4321'),
    ('BAB9', 'Window', 'Business', 'BA4321'),
    ('BAB10', 'Aisle', 'Business', 'BA4321'),
    ('BAB11', 'Window', 'Business', 'BA4321'),
    ('BAB12', 'Aisle', 'Business', 'BA4321'),
    ('BAW13', 'Window', 'First', 'BA4321'),
    ('BAA14', 'Aisle', 'First', 'BA4321'),
    ('BAW15', 'Window', 'First', 'BA4321'),
    ('BAA16', 'Aisle', 'First', 'BA4321'),
    ('BAE17', 'Window', 'Economy', 'BA4321'),
    ('BAA18', 'Aisle', 'Economy', 'BA4321'),
    ('BAW19', 'Window', 'Economy', 'BA4321'),
    ('BAA20', 'Aisle', 'Economy', 'BA4321'),
    ('AFW1', 'Window', 'First', 'AF8765'),
    ('AFA2', 'Aisle', 'First', 'AF8765'),
    ('AFW3', 'Window', 'First', 'AF8765'),
    ('AFA4', 'Aisle', 'First', 'AF8765'),
    ('AFE5', 'Window', 'Economy', 'AF8765'),
    ('AFA6', 'Aisle', 'Economy', 'AF8765'),
    ('AFW7', 'Window', 'Economy', 'AF8765'),
    ('AFA8', 'Aisle', 'Economy', 'AF8765'),
    ('AFB9', 'Window', 'Business', 'AF8765'),
    ('AFB10', 'Aisle', 'Business', 'AF8765'),
    ('AFB11', 'Window', 'Business', 'AF8765'),
    ('AFB12', 'Aisle', 'Business', 'AF8765'),
    ('AFW13', 'Window', 'First', 'AF8765'),
    ('AFA14', 'Aisle', 'First', 'AF8765'),
    ('AFW15', 'Window', 'First', 'AF8765'),
    ('AFA16', 'Aisle', 'First', 'AF8765'),
    ('AFE17', 'Window', 'Economy', 'AF8765'),
    ('AFA18', 'Aisle', 'Economy', 'AF8765'),
    ('AFW19', 'Window', 'Economy', 'AF8765'),
    ('AFA20', 'Aisle', 'Economy', 'AF8765'),
    ('LHW1', 'Window', 'First', 'LH2468'),
    ('LHA2', 'Aisle', 'First', 'LH2468'),
    ('LHW3', 'Window', 'First', 'LH2468'),
    ('LHA4', 'Aisle', 'First', 'LH2468'),
    ('LHE5', 'Window', 'Economy', 'LH2468'),
    ('LHA6', 'Aisle', 'Economy', 'LH2468'),
    ('LHW7', 'Window', 'Economy', 'LH2468'),
    ('LHA8', 'Aisle', 'Economy', 'LH2468'),
    ('LHB9', 'Window', 'Business', 'LH2468'),
    ('LHB10', 'Aisle', 'Business', 'LH2468'),
    ('LHB11', 'Window', 'Business', 'LH2468'),
    ('LHB12', 'Aisle', 'Business', 'LH2468'),
    ('LHW13', 'Window', 'First', 'LH2468'),
    ('LHA14', 'Aisle', 'First', 'LH2468'),
    ('LHW15', 'Window', 'First', 'LH2468'),
    ('LHA16', 'Aisle', 'First', 'LH2468'),
    ('LHE17', 'Window', 'Economy', 'LH2468'),
    ('LHA18', 'Aisle', 'Economy', 'LH2468'),
    ('LHW19', 'Window', 'Economy', 'LH2468'),
    ('LHA20', 'Aisle', 'Economy', 'LH2468'),
    ('EKW1', 'Window', 'First', 'EK1357'),
    ('EKA2', 'Aisle', 'First', 'EK1357'),
    ('EKW3', 'Window', 'First', 'EK1357'),
    ('EKA4', 'Aisle', 'First', 'EK1357'),
    ('EKE5', 'Window', 'Economy', 'EK1357'),
    ('EKA6', 'Aisle', 'Economy', 'EK1357'),
    ('EKW7', 'Window', 'Economy', 'EK1357'),
    ('EKA8', 'Aisle', 'Economy', 'EK1357'),
    ('EKB9', 'Window', 'Business', 'EK1357'),
    ('EKB10', 'Aisle', 'Business', 'EK1357'),
    ('EKB11', 'Window', 'Business', 'EK1357'),
    ('EKB12', 'Aisle', 'Business', 'EK1357'),
    ('EKW13', 'Window', 'First', 'EK1357'),
    ('EKA14', 'Aisle', 'First', 'EK1357'),
    ('EKW15', 'Window', 'First', 'EK1357'),
    ('EKA16', 'Aisle', 'First', 'EK1357'),
    ('EKE17', 'Window', 'Economy', 'EK1357'),
    ('EKA18', 'Aisle', 'Economy', 'EK1357'),
    ('EKW19', 'Window', 'Economy', 'EK1357'),
    ('EKA20', 'Aisle', 'Economy', 'EK1357'),
    ('SQW1', 'Window', 'First', 'SQ9876'),
    ('SQA2', 'Aisle', 'First', 'SQ9876'),
    ('SQW3', 'Window', 'First', 'SQ9876'),
    ('SQA4', 'Aisle', 'First', 'SQ9876'),
    ('SQE5', 'Window', 'Economy', 'SQ9876'),
    ('SQA6', 'Aisle', 'Economy', 'SQ9876'),
    ('SQW7', 'Window', 'Economy', 'SQ9876'),
    ('SQA8', 'Aisle', 'Economy', 'SQ9876'),
    ('SQB9', 'Window', 'Business', 'SQ9876'),
    ('SQB10', 'Aisle', 'Business', 'SQ9876'),
    ('SQB11', 'Window', 'Business', 'SQ9876'),
    ('SQB12', 'Aisle', 'Business', 'SQ9876'),
    ('SQW13', 'Window', 'First', 'SQ9876'),
    ('SQA14', 'Aisle', 'First', 'SQ9876'),
    ('SQW15', 'Window', 'First', 'SQ9876'),
    ('SQA16', 'Aisle', 'First', 'SQ9876'),
    ('SQE17', 'Window', 'Economy', 'SQ9876'),
    ('SQA18', 'Aisle', 'Economy', 'SQ9876'),
    ('SQW19', 'Window', 'Economy', 'SQ9876'),
    ('SQA20', 'Aisle', 'Economy', 'SQ9876'),
    ('TKW1', 'Window', 'First', 'TK5432'),
    ('TKA2', 'Aisle', 'First', 'TK5432'),
    ('TKW3', 'Window', 'First', 'TK5432'),
    ('TKA4', 'Aisle', 'First', 'TK5432'),
    ('TKE5', 'Window', 'Economy', 'TK5432'),
    ('TKA6', 'Aisle', 'Economy', 'TK5432'),
    ('TKW7', 'Window', 'Economy', 'TK5432'),
    ('TKA8', 'Aisle', 'Economy', 'TK5432'),
    ('TKB9', 'Window', 'Business', 'TK5432'),
    ('TKB10', 'Aisle', 'Business', 'TK5432'),
    ('TKB11', 'Window', 'Business', 'TK5432'),
    ('TKB12', 'Aisle', 'Business', 'TK5432'),
    ('TKW13', 'Window', 'First', 'TK5432'),
    ('TKA14', 'Aisle', 'First', 'TK5432'),
    ('TKW15', 'Window', 'First', 'TK5432'),
    ('TKA16', 'Aisle', 'First', 'TK5432'),
    ('TKE17', 'Window', 'Economy', 'TK5432'),
    ('TKA18', 'Aisle', 'Economy', 'TK5432'),
    ('TKW19', 'Window', 'Economy', 'TK5432'),
    ('TKA20', 'Aisle', 'Economy', 'TK5432'),
    ('QFW1', 'Window', 'First', 'QF2109'),
    ('QFA2', 'Aisle', 'First', 'QF2109'),
    ('QFW3', 'Window', 'First', 'QF2109'),
    ('QFA4', 'Aisle', 'First', 'QF2109'),
    ('QFE5', 'Window', 'Economy', 'QF2109'),
    ('QFA6', 'Aisle', 'Economy', 'QF2109'),
    ('QFW7', 'Window', 'Economy', 'QF2109'),
    ('QFA8', 'Aisle', 'Economy', 'QF2109'),
    ('QFB9', 'Window', 'Business', 'QF2109'),
    ('QFB10', 'Aisle', 'Business', 'QF2109'),
    ('QFB11', 'Window', 'Business', 'QF2109'),
    ('QFB12', 'Aisle', 'Business', 'QF2109'),
    ('QFW13', 'Window', 'First', 'QF2109'),
    ('QFA14', 'Aisle', 'First', 'QF2109'),
    ('QFW15', 'Window', 'First', 'QF2109'),
    ('QFA16', 'Aisle', 'First', 'QF2109'),
    ('QFE17', 'Window', 'Economy', 'QF2109'),
    ('QFA18', 'Aisle', 'Economy', 'QF2109'),
    ('QFW19', 'Window', 'Economy', 'QF2109'),
    ('QFA20', 'Aisle', 'Economy', 'QF2109'),
    ('QFW1q1', 'Window', 'First', 'QF1234'),
    ('QFA1q2', 'Aisle', 'First', 'QF1234'),
    ('QFW1q3', 'Window', 'First', 'QF1234'),
    ('QFA1q4', 'Aisle', 'First', 'QF1234'),
    ('QFW1q5', 'Window', 'Economy', 'QF1234'),
    ('QFA1q6', 'Aisle', 'Economy', 'QF1234'),
    ('QFW1q7', 'Window', 'Economy', 'QF1234'),
    ('QFA1q8', 'Aisle', 'Economy', 'QF1234'),
    ('QFB1q9', 'Window', 'Business', 'QF1234'),
    ('QFB11q0', 'Aisle', 'Business', 'QF1234'),
    ('SQaW1', 'Window', 'First', 'SQ5678'),
    ('SQaA2', 'Aisle', 'First', 'SQ5678'),
    ('SQaW3', 'Window', 'First', 'SQ5678'),
    ('SQaA4', 'Aisle', 'First', 'SQ5678'),
    ('SQaW5', 'Window', 'Economy', 'SQ5678'),
    ('SQaA6', 'Aisle', 'Economy', 'SQ5678'),
    ('SQaW7', 'Window', 'Economy', 'SQ5678'),
    ('SQaA8', 'Aisle', 'Economy', 'SQ5678'),
    ('SQaB9', 'Window', 'Business', 'SQ5678'),
    ('SQaB10', 'Aisle', 'Business', 'SQ5678'),
    ('QFaW1', 'Window', 'First', 'QF9012'),
    ('QFaA2', 'Aisle', 'First', 'QF9012'),
    ('QFaW3', 'Window', 'First', 'QF9012'),
    ('QFaA4', 'Aisle', 'First', 'QF9012'),
    ('QFaW5', 'Window', 'Economy', 'QF9012'),
    ('QFaA6', 'Aisle', 'Economy', 'QF9012'),
    ('QFaW7', 'Window', 'Economy', 'QF9012'),
    ('QFaA8', 'Aisle', 'Economy', 'QF9012'),
    ('QFaB9', 'Window', 'Business', 'QF9012'),
    ('QFaB10', 'Aisle', 'Business', 'QF9012');


INSERT INTO Reservation(Reservation_date, Travel_Insurance, Account_ID, Flight_ID, Seat_No, Reservation_Status)
VALUES 
    ('2024-03-15 09:00:00', 'Yes', 1, 'AA1234','AAF1', 'Confirmed'),
    ('2024-03-16 10:00:00', 'No', 2, 'DL5678','DLW7', 'Not Confirmed'),
    ('2024-03-17 11:00:00', 'Yes', 3, 'UA9012','UAE5','Confirmed'),
    ('2024-03-18 12:00:00', 'No', 4, 'BA4321','BAB12', 'Not Confirmed'),
    ('2024-03-19 13:00:00', 'Yes', 5, 'AF8765','AFW15','Confirmed'),
    ('2024-03-20 14:00:00', 'No', 6, 'LH2468','LHW13', 'Confirmed'),
    ('2024-03-21 15:00:00', 'Yes', 7, 'EK1357','EKW13', 'Not Confirmed'), 
    ('2024-03-22 16:00:00', 'No', 8, 'SQ9876','SQW15', 'Not Confirmed'),
    ('2024-03-23 17:00:00', 'Yes', 9, 'TK5432','TKW19','Confirmed'),
    ('2024-03-24 18:00:00', 'No', 10, 'QF2109','QFE17','Confirmed'),
    ('2024-03-15 09:00:00', 'Yes', 11, 'QF1234', 'AAF1', 'Confirmed'),
    ('2024-03-16 10:00:00', 'Yes', 12, 'SQ9876', 'SQW15', 'Confirmed'),
    ('2024-03-15 09:00:00', 'Yes', 13, 'SQ9876', 'SQaW1', 'Confirmed'),
    ('2024-03-16 10:00:00', 'Yes', 14, 'TK5432', 'TKA6', 'Confirmed'),
    ('2024-03-15 09:00:00', 'No', 15, 'EK1357', 'EKW7', 'Not Confirmed');

INSERT INTO Payment(Payment_Status, Amount, Payment_time, Payment_Type, Reservation_ID)
VALUES 
    ('paid', 200.00, '2024-03-15 10:00:00', 'Card', 11),
    ('pending', 220.00, '2024-03-16 11:00:00', 'Cash', 12),
    ('paid', 180.00, '2024-03-17 12:00:00', 'Card', 13),
    ('failed', 250.00, '2024-03-18 13:00:00', 'Card', 14),
    ('paid', 210.00, '2024-03-19 14:00:00', 'Cash', 15),
    ('paid', 230.00, '2024-03-20 15:00:00', 'Card', 16),
    ('pending', 190.00, '2024-03-21 16:00:00', 'Card', 17),
    ('failed', 260.00, '2024-03-22 17:00:00', 'Cash', 18),
    ('paid', 240.00, '2024-03-23 18:00:00', 'Card', 19),
    ('paid', 270.00, '2024-03-24 19:00:00', 'Card', 20),
    ('paid', 200.00, '2024-03-24 19:00:00', 'Card', 21),
    ('paid', 260.00, '2024-03-24 19:00:00', 'Check', 22),
    ('paid', 260.00, '2024-03-24 19:00:00', 'Check', 23),
    ('paid', 240.00, '2024-03-24 19:00:00', 'Card', 24),
    ('pending', 190.00, '2024-03-24 19:00:00', 'Check', 25);



INSERT INTO Confirmation(Confirmation_Notification, Confirmation_time, Content, Reservation_ID)
VALUES 
    ('Yes', '2024-03-16 10:00:00', 'Confirmation successful.', 11),
    ('No', '2024-03-17 11:00:00', 'Confirmation unsuccessful.', 12),
    ('Yes', '2024-03-18 12:00:00', 'Confirmation successful.', 13),
    ('No', '2024-03-19 13:00:00', 'Confirmation unsuccessful.', 14),
    ('Yes', '2024-03-20 14:00:00', 'Confirmation successful.', 15),
    ('Yes', '2024-03-21 15:00:00', 'Confirmation successful.', 16),
    ('No', '2024-03-22 16:00:00', 'Confirmation unsuccessful.', 17),
    ('No', '2024-03-23 17:00:00', 'Confirmation unsuccessful.', 18),
    ('Yes', '2024-03-24 18:00:00', 'Confirmation successful.', 19),
    ('Yes', '2024-03-25 19:00:00', 'Confirmation successful.', 20),
    ('Yes', '2024-03-24 18:00:00', 'Confirmation successful.', 21),
    ('Yes', '2024-03-25 19:00:00', 'Confirmation successful.', 22),
    ('Yes', '2024-03-24 18:00:00', 'Confirmation successful.', 23),
    ('Yes', '2024-03-25 19:00:00', 'Confirmation successful.', 24),
     ('No', '2024-03-25 19:00:00', 'Confirmation unsuccessful.', 25);

INSERT INTO Staff (Staff_ID, Staff_Name, Contact_Info, Schedule, Staff_Type, Airline_ID)
VALUES 
    ('AA001', 'Jack Johnson', '123-456-7890', '2024-03-01 08:00:00', 'Pilot', 'AA'),
    ('AA002', 'Olivia Adams', '987-654-3210', '2024-03-02 08:00:00', 'Crew Member', 'AA'),
    ('AA003', 'Benjamin Thompson', '555-123-4567', '2024-03-03 08:00:00', 'Crew Member', 'AA'),
    ('AA004', 'Sophia Martinez', '222-333-4444', '2024-03-04 08:00:00', 'Crew Member', 'AA'),
    ('AA005', 'William Wilson', '777-888-9999', '2024-03-05 08:00:00', 'Pilot', 'AA'),
    ('AA006', 'Abigail Lee', '111-222-3333', '2024-03-06 08:00:00', 'Crew Member', 'AA'),
    ('AA007', 'Alexander Brown', '999-888-7777', '2024-03-07 08:00:00', 'Pilot', 'AA'),
    ('AA008', 'Mia Taylor', '444-555-6666', '2024-03-08 08:00:00', 'Crew Member', 'AA'),
    ('AA009', 'James Anderson', '666-555-4444', '2024-03-09 08:00:00', 'Pilot', 'AA'),
    ('AA010', 'Charlotte Davis', '333-222-1111', '2024-03-10 08:00:00', 'Crew Member', 'AA'),
    ('DL001', 'Daniel White', '111-222-3333', '2024-03-06 08:00:00', 'Pilot', 'DL'),
    ('DL002', 'Sophie Clark', '444-555-6666', '2024-03-07 08:00:00', 'Crew Member', 'DL'),
    ('DL003', 'Ethan Adams', '555-666-7777', '2024-03-08 08:00:00', 'Crew Member', 'DL'),
    ('DL004', 'Scarlett Martin', '888-999-0000', '2024-03-09 08:00:00', 'Crew Member', 'DL'),
    ('DL005', 'Michael Thomas', '123-456-7890', '2024-03-10 08:00:00', 'Pilot', 'DL'),
    ('DL006', 'Ava Walker', '987-654-3210', '2024-03-11 08:00:00', 'Crew Member', 'DL'),
    ('DL007', 'Logan Harris', '555-123-4567', '2024-03-12 08:00:00', 'Pilot', 'DL'),
    ('DL008', 'Madison Young', '222-333-4444', '2024-03-13 08:00:00', 'Crew Member', 'DL'),
    ('DL009', 'Jacob King', '777-888-9999', '2024-03-14 08:00:00', 'Pilot', 'DL'),
    ('DL010', 'Samantha Hill', '111-222-3333', '2024-03-15 08:00:00', 'Crew Member', 'DL'),
    ('UA001', 'Jacob Evans', '555-666-7777', '2024-03-08 08:00:00', 'Pilot', 'UA'),
    ('UA002', 'Isabella Stone', '888-999-0000', '2024-03-09 08:00:00', 'Crew Member', 'UA'),
    ('UA003', 'Noah Johnson', '123-456-7890', '2024-03-10 08:00:00', 'Pilot', 'UA'),
    ('UA004', 'Emma Brown', '987-654-3210', '2024-03-11 08:00:00', 'Crew Member', 'UA'),
    ('UA005', 'Liam Thompson', '555-123-4567', '2024-03-12 08:00:00', 'Crew Member', 'UA'),
    ('UA006', 'Olivia Martinez', '222-333-4444', '2024-03-13 08:00:00', 'Crew Member', 'UA'),
    ('UA007', 'Mason Wilson', '777-888-9999', '2024-03-14 08:00:00', 'Pilot', 'UA'),
    ('UA008', 'Ava Lee', '111-222-3333', '2024-03-15 08:00:00', 'Crew Member', 'UA'),
    ('UA009', 'William Harris', '999-888-7777', '2024-03-16 08:00:00', 'Pilot', 'UA'),
    ('UA010', 'Sophia Young', '444-555-6666', '2024-03-17 08:00:00', 'Crew Member', 'UA'),
    ('BA001', 'George Thompson', '111-222-3333', '2024-03-01 08:00:00', 'Pilot', 'BA'),
    ('BA002', 'Amelia Johnson', '444-555-6666', '2024-03-02 08:00:00', 'Crew Member', 'BA'),
    ('BA003', 'Oliver Martinez', '555-666-7777', '2024-03-03 08:00:00', 'Pilot', 'BA'),
    ('BA004', 'Isabella Wilson', '888-999-0000', '2024-03-04 08:00:00', 'Crew Member', 'BA'),
    ('BA005', 'Harry Brown', '123-456-7890', '2024-03-05 08:00:00', 'Pilot', 'BA'),
    ('BA006', 'Charlotte Smith', '987-654-3210', '2024-03-06 08:00:00', 'Crew Member', 'BA'),
    ('BA007', 'Noah Jones', '555-123-4567', '2024-03-07 08:00:00', 'Pilot', 'BA'),
    ('BA008', 'Sophia Davis', '222-333-4444', '2024-03-08 08:00:00', 'Crew Member', 'BA'),
    ('BA009', 'Jack Taylor', '777-888-9999', '2024-03-09 08:00:00', 'Crew Member', 'BA'),
    ('BA010', 'Mia Clark', '111-222-3333', '2024-03-10 08:00:00', 'Crew Member', 'BA'),
    ('AF001', 'Louis Harris', '444-555-6666', '2024-03-01 08:00:00', 'Pilot', 'AF'),
    ('AF002', 'Emily Young', '555-666-7777', '2024-03-02 08:00:00', 'Crew Member', 'AF'),
    ('AF003', 'Lucas King', '888-999-0000', '2024-03-03 08:00:00', 'Pilot', 'AF'),
    ('AF004', 'Chloe Hill', '123-456-7890', '2024-03-04 08:00:00', 'Crew Member', 'AF'),
    ('AF005', 'Oscar Walker', '987-654-3210', '2024-03-05 08:00:00', 'Pilot', 'AF'),
    ('AF006', 'Harper Harris', '555-123-4567', '2024-03-06 08:00:00', 'Crew Member', 'AF'),
    ('AF007', 'Ella Clark', '222-333-4444', '2024-03-07 08:00:00', 'Pilot', 'AF'),
    ('AF008', 'Jackson Young', '777-888-9999', '2024-03-08 08:00:00', 'Crew Member', 'AF'),
    ('AF009', 'Grace King', '111-222-3333', '2024-03-09 08:00:00', 'Crew Member', 'AF'),
    ('AF010', 'Alexander Hill', '444-555-6666', '2024-03-10 08:00:00', 'Crew Member', 'AF'),
    ('LH001', 'Leo Walker', '987-654-3210', '2024-03-01 08:00:00', 'Pilot', 'LH'),
    ('LH002', 'Lily Harris', '555-123-4567', '2024-03-02 08:00:00', 'Crew Member', 'LH'),
    ('LH003', 'Mason Clark', '222-333-4444', '2024-03-03 08:00:00', 'Pilot', 'LH'),
    ('LH004', 'Layla Young', '777-888-9999', '2024-03-04 08:00:00', 'Crew Member', 'LH'),
    ('LH005', 'Wyatt King', '111-222-3333', '2024-03-05 08:00:00', 'Pilot', 'LH'),
    ('LH006', 'Aria Hill', '444-555-6666', '2024-03-06 08:00:00', 'Crew Member', 'LH'),
    ('LH007', 'Carter Walker', '987-654-3210', '2024-03-07 08:00:00', 'Crew Member', 'LH'),
    ('LH008', 'Evelyn Harris', '555-123-4567', '2024-03-08 08:00:00', 'Crew Member', 'LH'),
    ('LH009', 'Eli Clark', '222-333-4444', '2024-03-09 08:00:00', 'Pilot', 'LH'),
    ('LH010', 'Avery Young', '777-888-9999', '2024-03-10 08:00:00', 'Crew Member', 'LH'),
    ('EK001', 'Adam King', '111-222-3333', '2024-03-01 08:00:00', 'Pilot', 'EK'),
    ('EK002', 'Hannah Hill', '444-555-6666', '2024-03-02 08:00:00', 'Crew Member', 'EK'),
    ('EK003', 'Luke Walker', '987-654-3210', '2024-03-03 08:00:00', 'Crew Member', 'EK'),
    ('EK004', 'Victoria Harris', '555-123-4567', '2024-03-04 08:00:00', 'Crew Member', 'EK'),
    ('EK005', 'Nathan Clark', '222-333-4444', '2024-03-05 08:00:00', 'Pilot', 'EK'),
    ('EK006', 'Elizabeth Young', '777-888-9999', '2024-03-06 08:00:00', 'Crew Member', 'EK'),
    ('EK007', 'Dylan King', '111-222-3333', '2024-03-07 08:00:00', 'Pilot', 'EK'),
    ('EK008', 'Mila Hill', '444-555-6666', '2024-03-08 08:00:00', 'Crew Member', 'EK'),
    ('EK009', 'Aiden Hill', '555-666-7777', '2024-03-09 08:00:00', 'Pilot', 'EK'),
    ('EK010', 'Avery Young', '888-999-0000', '2024-03-10 08:00:00', 'Crew Member', 'EK'),
    ('SQ001', 'Sophie Taylor', '777-888-9999', '2024-03-01 08:00:00', 'Pilot', 'SQ'),
    ('SQ002', 'Oliver Martinez', '222-333-4444', '2024-03-02 08:00:00', 'Crew Member', 'SQ'),
    ('SQ003', 'Mia Clark', '111-222-3333', '2024-03-03 08:00:00', 'Pilot', 'SQ'),
    ('SQ004', 'Ethan Lee', '444-555-6666', '2024-03-04 08:00:00', 'Crew Member', 'SQ'),
    ('SQ005', 'Madison Brown', '987-654-3210', '2024-03-05 08:00:00', 'Crew Member', 'SQ'),
    ('SQ006', 'Lucas Johnson', '555-123-4567', '2024-03-06 08:00:00', 'Pilot', 'SQ'),
    ('SQ007', 'Emma Wilson', '222-333-4444', '2024-03-07 08:00:00', 'Crew Member', 'SQ'),
    ('SQ008', 'Sebastian Smith', '777-888-9999', '2024-03-08 08:00:00', 'Crew Member', 'SQ'),
    ('SQ009', 'Scarlett Harris', '111-222-3333', '2024-03-09 08:00:00', 'Pilot', 'SQ'),
    ('SQ010', 'Liam Taylor', '444-555-6666', '2024-03-10 08:00:00', 'Crew Member', 'SQ'),
    ('TK001', 'Zoe Clark', '987-654-3210', '2024-03-01 08:00:00', 'Pilot', 'TK'),
    ('TK002', 'Jack Martinez', '555-123-4567', '2024-03-02 08:00:00', 'Crew Member', 'TK'),
    ('TK003', 'Charlotte Brown', '222-333-4444', '2024-03-03 08:00:00', 'Pilot', 'TK'),
    ('TK004', 'Elijah Wilson', '777-888-9999', '2024-03-04 08:00:00', 'Crew Member', 'TK'),
    ('TK005', 'Luna Lee', '111-222-3333', '2024-03-05 08:00:00', 'Crew Member', 'TK'),
    ('TK006', 'Hudson Johnson', '444-555-6666', '2024-03-06 08:00:00', 'Crew Member', 'TK'),
    ('TK007', 'Violet Wilson', '987-654-3210', '2024-03-07 08:00:00', 'Pilot', 'TK'),
    ('TK008', 'Henry Smith', '555-123-4567', '2024-03-08 08:00:00', 'Crew Member', 'TK'),
    ('TK009', 'Aria Martinez', '222-333-4444', '2024-03-09 08:00:00', 'Pilot', 'TK'),
    ('TK010', 'Logan Brown', '777-888-9999', '2024-03-10 08:00:00', 'Crew Member', 'TK'),
    ('QF001', 'Layla Young', '111-222-3333', '2024-03-01 08:00:00', 'Pilot', 'QF'),
    ('QF002', 'Wyatt King', '444-555-6666', '2024-03-02 08:00:00', 'Crew Member', 'QF'),
    ('QF003', 'Aria Hill', '987-654-3210', '2024-03-03 08:00:00', 'Pilot', 'QF'),
    ('QF004', 'Carter Walker', '555-123-4567', '2024-03-04 08:00:00', 'Crew Member', 'QF'),
    ('QF005', 'Evelyn Harris', '222-333-4444', '2024-03-05 08:00:00', 'Crew Member', 'QF'),
    ('QF006', 'Eli Clark', '777-888-9999', '2024-03-06 08:00:00', 'Crew Member', 'QF'),
    ('QF007', 'Avery Young', '111-222-3333', '2024-03-07 08:00:00', 'Pilot', 'QF'),
    ('QF008', 'Adam King', '444-555-6666', '2024-03-08 08:00:00', 'Crew Member', 'QF'),
    ('QF009', 'Hannah Hill', '987-654-3210', '2024-03-09 08:00:00', 'Pilot', 'QF'),
    ('QF010', 'Luke Walker', '555-123-4567', '2024-03-10 08:00:00', 'Crew Member', 'QF');



INSERT INTO Pilot (Pilot_ID, License_Number, Flight_Hours, Rank)
VALUES 
    ('AA001', 'LN001', 5000, 'Captain'),
    ('AA005', 'LN002', 6000, 'First Officer'),
    ('AA007', 'LN004', 8000, 'Captain'),
    ('AA009', 'LN005', 9000, 'First Officer'),
    ('DL001', 'LN006', 5500, 'Captain'),
    ('DL005', 'LN008', 7500, 'Captain'),
    ('DL007', 'LN009', 8500, 'First Officer'),
    ('DL009', 'LN010', 9500, 'First Officer'),
    ('UA001', 'LN011', 5200, 'First Officer'),
    ('UA003', 'LN012', 6200, 'Captain'),
    ('UA007', 'LN014', 8200, 'First Officer'),
    ('UA009', 'LN015', 9200, 'Captain'),
    ('BA001', 'LN016', 5300, 'Captain'),
    ('BA003', 'LN017', 6300, 'First Officer'),
    ('BA005', 'LN018', 7300, 'Captain'),
    ('BA007', 'LN019', 8300, 'First Officer'),
    ('AF001', 'LN021', 5400, 'Captain'),
    ('AF003', 'LN022', 6400, 'First Officer'),
    ('AF005', 'LN023', 7400, 'Captain'),
    ('AF007', 'LN024', 8400, 'First Officer'),
    ('LH001', 'LN026', 5100, 'Captain'),
    ('LH003', 'LN027', 6100, 'First Officer'),
    ('LH005', 'LN028', 7100, 'First Officer'),
    ('LH009', 'LN030', 9100, 'Captain'),
    ('EK001', 'LN031', 5400, 'First Officer'),
    ('EK005', 'LN032', 6400, 'Captain'),
    ('EK007', 'LN033', 7400, 'Captain'),
    ('EK009', 'LN034', 8400, 'First Officer'),
    ('SQ001', 'LN036', 5300, 'Captain'),
    ('SQ003', 'LN037', 6300, 'First Officer'),
    ('SQ006', 'LN038', 7300, 'First Officer'),
    ('SQ009', 'LN039', 8300, 'Captain'),
    ('TK001', 'LN041', 5500, 'First Officer'),
    ('TK003', 'LN042', 6500, 'Captain'),
    ('TK007', 'LN043', 7500, 'First Officer'),
    ('TK009', 'LN044', 8500, 'Captain'),
    ('QF001', 'LN046', 5200, 'Captain'),
    ('QF003', 'LN047', 6200, 'Captain'),
    ('QF007', 'LN048', 7200, 'First Officer'),
    ('QF009', 'LN049', 8200, 'First Officer');



INSERT INTO CrewMember(CrewMember_ID, Member_Role, Base_Station)
VALUES 
    ('AA002', 'Cabin Crew', 'Texas'),
    ('AA003', 'Ground Crew', 'Texas'),
    ('AA004', 'Cabin Crew', 'Texas'),
    ('AA006', 'Ground Crew', 'Texas'),
    ('AA008', 'Cabin Crew', 'Texas'),
    ('AA010', 'Cabin Crew', 'Texas'),
    ('DL002', 'Cabin Crew', 'Atlanta'),
    ('DL003', 'Ground Crew', 'Atlanta'),
    ('DL004', 'Cabin Crew', 'Atlanta'),
    ('DL006', 'Cabin Crew', 'Atlanta'),
    ('DL008', 'Ground Crew', 'Atlanta'),
    ('DL010', 'Cabin Crew', 'Atlanta'),
    ('UA002', 'Cabin Crew', 'Chicago'),
    ('UA004', 'Ground Crew', 'Chicago'),
    ('UA005', 'Cabin Crew', 'Chicago'),
    ('UA006', 'Ground Crew', 'Chicago'),
    ('UA008', 'Cabin Crew', 'Chicago'),
    ('UA010', 'Cabin Crew', 'Chicago'),
    ('BA002', 'Cabin Crew', 'London'),
    ('BA004', 'Ground Crew', 'London'),
    ('BA006', 'Cabin Crew', 'London'),
    ('BA008', 'Ground Crew', 'London'),
    ('BA009', 'Cabin Crew', 'London'),
    ('BA010', 'Cabin Crew', 'London'),
    ('AF002', 'Cabin Crew', 'Paris'),
    ('AF004', 'Ground Crew', 'Paris'),
    ('AF006', 'Cabin Crew', 'Paris'),
    ('AF008', 'Cabin Crew', 'Paris'),
    ('AF009', 'Ground Crew', 'Paris'),
    ('AF010', 'Cabin Crew', 'Paris'),
    ('LH002', 'Cabin Crew', 'Frankfurt'),
    ('LH004', 'Ground Crew', 'Frankfurt'),
    ('LH006', 'Cabin Crew', 'Frankfurt'),
    ('LH007', 'Ground Crew', 'Frankfurt'),
    ('LH008', 'Cabin Crew', 'Frankfurt'),
    ('LH010', 'Cabin Crew', 'Frankfurt'),
    ('EK002', 'Cabin Crew', 'Dubai'),
    ('EK003', 'Ground Crew', 'Dubai'),
    ('EK004', 'Cabin Crew', 'Dubai'),
    ('EK006', 'Ground Crew', 'Dubai'),
    ('EK008', 'Cabin Crew', 'Dubai'),
    ('EK010', 'Cabin Crew', 'Dubai'),
    ('SQ002', 'Cabin Crew', 'Singapore'),
    ('SQ004', 'Ground Crew', 'Singapore'),
    ('SQ005', 'Cabin Crew', 'Singapore'),
    ('SQ007', 'Cabin Crew', 'Singapore'),
    ('SQ008', 'Ground Crew', 'Singapore'),
    ('SQ010', 'Cabin Crew', 'Singapore'),
    ('TK002', 'Cabin Crew', 'Istanbul'),
    ('TK004', 'Ground Crew', 'Istanbul'),
    ('TK005', 'Cabin Crew', 'Istanbul'),
    ('TK006', 'Cabin Crew', 'Istanbul'),
    ('TK008', 'Ground Crew', 'Istanbul'),
    ('TK010', 'Cabin Crew', 'Istanbul'),
    ('QF002', 'Cabin Crew', 'Doha'),
    ('QF004', 'Ground Crew', 'Doha'),
    ('QF005', 'Ground Crew', 'Doha'),
    ('QF006', 'Cabin Crew', 'Doha'),
    ('QF008', 'Cabin Crew', 'Doha'),
    ('QF010', 'Cabin Crew', 'Doha');


INSERT INTO CustomerSupport (Issue_ID, Resolution_ID, Issue_Description, Resolution_Status, Created_At, Resolution_Date)
VALUES 
    (1001, 1, 'Unable to complete booking process', 'Resolved', '2024-03-01 08:00:00', '2024-03-02 10:00:00'),
    (1002, 2, 'Payment error during checkout', 'Resolved', '2024-03-02 08:00:00', '2024-03-03 11:00:00'),
    (1003, NULL, 'Baggage lost during flight', 'Pending', '2024-03-03 08:00:00', NULL),
    (1004, NULL, 'Flight delay notification', 'Pending', '2024-03-04 08:00:00', NULL),
    (1005, 3, 'Upgrade request for seat', 'Resolved', '2024-03-05 08:00:00', '2024-03-06 12:00:00');

INSERT INTO CustomerSupportAssignment(Support_Assignment_ID, Assigned_Date, Completion_Date, Issue_ID)
VALUES 
    (1, '2024-03-01 08:00:00', '2024-03-02 08:00:00', 1001),
    (2, '2024-03-02 08:00:00', '2024-03-03 08:00:00', 1002),
    (3, '2024-03-03 08:00:00', NULL, 1003),
    (4, '2024-03-04 08:00:00', NULL, 1004),
    (5, '2024-03-05 08:00:00', '2024-03-06 08:00:00', 1005);


INSERT INTO FlightAssignment(Assignment_ID, Assigned_Date, Staff_ID, Flight_ID)
VALUES 
    (1, '2024-04-01', 'AA001', 'AA1234'),  -- Pilot assigned to flight AA1234
    (2, '2024-04-01', 'AA002', 'AA1234'),  -- Crew member 1 assigned to flight AA1234
    (3, '2024-04-01', 'AA003', 'AA1234'),  -- Pilot assigned to flight AA1234
    (4, '2024-04-01', 'AA004', 'AA1234'),  -- Crew member 1 assigned to flight AA1234
    (5, '2024-04-01', 'DL001', 'DL5678'),  -- Pilot assigned to flight DL5678
    (6, '2024-04-01', 'DL002', 'DL5678'),  -- Crew member 1 assigned to flight DL5678
    (7, '2024-04-02', 'UA001', 'UA9012'),  -- Pilot assigned to flight UA9012
    (8, '2024-04-02', 'UA002', 'UA9012');  -- Crew member 1 assigned to flight UA9012


INSERT INTO Card(Name_on_card, Card_Number, Card_Expiry_Date, Card_CVV, Payment_ID)
VALUES 
    ('Aishwarya James', '1234567890123456', '2025-12-31', '123', 1),
    ('Shanaya Lee', '9876543210987654', '2024-10-31', '456', 3),
    ('Nilvi Kapoor', '1111222233334444', '2023-08-31', '789', 6),
    ('MikeJohnson', '5555666677778888', '2024-06-30', '987', 7),
    ('Aum Anderson', '4444333322221111', '2022-05-31', '654', 9),
    ('SydneyWillow', '6666555577779999', '2023-04-30', '321', 10),
    ('Ross Geller', '1111222233335555', '2023-08-31', '789', 11),
    ('Chandler Bing', '4444333322226666', '2024-09-30', '987', 14); 


INSERT INTO Cash(Cash_Tendered, Payment_ID)
VALUES 
    (200.00, 2),
    (220.00, 5),
    (180.00, 8);

INSERT INTO Check_Method(Bank_Name, Check_Number, Payment_ID)
VALUES 
    ('ABC Bank', '1234567890', 12), 
    ('XYZ Bank', '9876543210', 13), 
    ('DEF Bank', '4567890123', 15);

INSERT INTO Cancellation(Cancellation_Date, Cancellation_Reason, Reservation_ID)
VALUES 
    ('2024-03-15 09:00:00', 'Weather conditions', 12),
    ('2024-03-17 11:00:00', 'Personal reasons', 15),
    ('2024-03-20 14:00:00', 'Overbooking', 16);

